{
    "accuracy": {
        "0": 0.50568,
        "1": 0.49432,
        "2": 0.49811,
        "3": 0.50473,
        "4": 0.49337,
        "5": 0.50947,
        "6": 0.50473,
        "7": 0.50284,
        "mean": 0.50166,
        "min": 0.37973,
        "max": 0.62595,
        "majority_voting": 0.5142
    },
    "consistency": {
        "0_1": 0.78125,
        "0_2": 0.74337,
        "0_3": 0.75379,
        "0_4": 0.76894,
        "0_5": 0.73864,
        "0_6": 0.71117,
        "0_7": 0.70549,
        "1_2": 0.72254,
        "1_3": 0.74432,
        "1_4": 0.71496,
        "1_5": 0.77936,
        "1_6": 0.69792,
        "1_7": 0.70455,
        "2_3": 0.8428,
        "2_4": 0.7339,
        "2_5": 0.71591,
        "2_6": 0.80208,
        "2_7": 0.77367,
        "3_4": 0.74432,
        "3_5": 0.72538,
        "3_6": 0.7661,
        "3_7": 0.80208,
        "4_5": 0.75852,
        "4_6": 0.73106,
        "4_7": 0.73864,
        "5_6": 0.71212,
        "5_7": 0.73106,
        "6_7": 0.82955,
        "mean": 0.74905
    }
}