{
    "accuracy": {
        "0": 0.93252,
        "1": 0.93522,
        "2": 0.93387,
        "3": 0.93927,
        "4": 0.93927,
        "5": 0.93927,
        "6": 0.93252,
        "7": 0.93927,
        "mean": 0.9364,
        "min": 0.91498,
        "max": 0.95007,
        "majority_voting": 0.93927
    },
    "consistency": {
        "0_1": 0.98381,
        "0_2": 0.9892,
        "0_3": 0.98111,
        "0_4": 0.98246,
        "0_5": 0.98246,
        "0_6": 0.98111,
        "0_7": 0.98785,
        "1_2": 0.97841,
        "1_3": 0.9865,
        "1_4": 0.97841,
        "1_5": 0.98246,
        "1_6": 0.98111,
        "1_7": 0.98785,
        "2_3": 0.98381,
        "2_4": 0.98246,
        "2_5": 0.97706,
        "2_6": 0.98381,
        "2_7": 0.98246,
        "3_4": 0.98381,
        "3_5": 0.98785,
        "3_6": 0.98111,
        "3_7": 0.98785,
        "4_5": 0.98785,
        "4_6": 0.98516,
        "4_7": 0.98785,
        "5_6": 0.98246,
        "5_7": 0.9865,
        "6_7": 0.98516,
        "mean": 0.98385
    }
}