{
    "accuracy": {
        "0": 0.93522,
        "1": 0.93252,
        "2": 0.93252,
        "3": 0.93387,
        "4": 0.93252,
        "5": 0.93387,
        "6": 0.92982,
        "7": 0.92848,
        "mean": 0.93235,
        "min": 0.91633,
        "max": 0.94737,
        "majority_voting": 0.93117
    },
    "consistency": {
        "0_1": 0.98111,
        "0_2": 0.98516,
        "0_3": 0.98111,
        "0_4": 0.98111,
        "0_5": 0.97571,
        "0_6": 0.98381,
        "0_7": 0.98381,
        "1_2": 0.97841,
        "1_3": 0.98785,
        "1_4": 0.98381,
        "1_5": 0.9865,
        "1_6": 0.9865,
        "1_7": 0.97976,
        "2_3": 0.97976,
        "2_4": 0.97976,
        "2_5": 0.98381,
        "2_6": 0.98246,
        "2_7": 0.98381,
        "3_4": 0.98111,
        "3_5": 0.98246,
        "3_6": 0.98111,
        "3_7": 0.98381,
        "4_5": 0.98785,
        "4_6": 0.98111,
        "4_7": 0.98381,
        "5_6": 0.9865,
        "5_7": 0.98516,
        "6_7": 0.98785,
        "mean": 0.98303
    }
}