{
    "accuracy": {
        "0": 0.90958,
        "1": 0.91903,
        "2": 0.91903,
        "3": 0.91363,
        "4": 0.91903,
        "5": 0.91498,
        "6": 0.92173,
        "7": 0.91768,
        "mean": 0.91684,
        "min": 0.89339,
        "max": 0.93522,
        "majority_voting": 0.91768
    },
    "consistency": {
        "0_1": 0.97841,
        "0_2": 0.97976,
        "0_3": 0.97571,
        "0_4": 0.97706,
        "0_5": 0.97841,
        "0_6": 0.97706,
        "0_7": 0.97571,
        "1_2": 0.98246,
        "1_3": 0.9865,
        "1_4": 0.97706,
        "1_5": 0.98111,
        "1_6": 0.97976,
        "1_7": 0.98381,
        "2_3": 0.97976,
        "2_4": 0.97571,
        "2_5": 0.97706,
        "2_6": 0.97841,
        "2_7": 0.97706,
        "3_4": 0.97166,
        "3_5": 0.97301,
        "3_6": 0.97706,
        "3_7": 0.98381,
        "4_5": 0.9865,
        "4_6": 0.98381,
        "4_7": 0.98111,
        "5_6": 0.97976,
        "5_7": 0.98111,
        "6_7": 0.98246,
        "mean": 0.97932
    }
}