{
    "accuracy": {
        "0": 0.90958,
        "1": 0.90418,
        "2": 0.90688,
        "3": 0.90283,
        "4": 0.90418,
        "5": 0.90283,
        "6": 0.90823,
        "7": 0.90283,
        "mean": 0.9052,
        "min": 0.87449,
        "max": 0.92713,
        "majority_voting": 0.90688
    },
    "consistency": {
        "0_1": 0.97706,
        "0_2": 0.97976,
        "0_3": 0.97301,
        "0_4": 0.97166,
        "0_5": 0.96626,
        "0_6": 0.96896,
        "0_7": 0.97706,
        "1_2": 0.97031,
        "1_3": 0.97436,
        "1_4": 0.96896,
        "1_5": 0.96356,
        "1_6": 0.96491,
        "1_7": 0.97706,
        "2_3": 0.97301,
        "2_4": 0.96896,
        "2_5": 0.97301,
        "2_6": 0.96761,
        "2_7": 0.97706,
        "3_4": 0.97031,
        "3_5": 0.96761,
        "3_6": 0.97166,
        "3_7": 0.97166,
        "4_5": 0.97706,
        "4_6": 0.97841,
        "4_7": 0.98111,
        "5_6": 0.97436,
        "5_7": 0.97571,
        "6_7": 0.97436,
        "mean": 0.97267
    }
}