{
    "accuracy": {
        "0": 0.94981,
        "1": 0.95455,
        "2": 0.95265,
        "3": 0.94981,
        "4": 0.95076,
        "5": 0.9517,
        "6": 0.9536,
        "7": 0.9517,
        "mean": 0.95182,
        "min": 0.92708,
        "max": 0.9678,
        "majority_voting": 0.95644
    },
    "consistency": {
        "0_1": 0.97348,
        "0_2": 0.98295,
        "0_3": 0.97917,
        "0_4": 0.97727,
        "0_5": 0.97727,
        "0_6": 0.97538,
        "0_7": 0.98011,
        "1_2": 0.97633,
        "1_3": 0.97538,
        "1_4": 0.98011,
        "1_5": 0.97727,
        "1_6": 0.97348,
        "1_7": 0.97822,
        "2_3": 0.98011,
        "2_4": 0.97917,
        "2_5": 0.97727,
        "2_6": 0.98106,
        "2_7": 0.98106,
        "3_4": 0.9858,
        "3_5": 0.9839,
        "3_6": 0.97822,
        "3_7": 0.98106,
        "4_5": 0.98485,
        "4_6": 0.98201,
        "4_7": 0.9858,
        "5_6": 0.97917,
        "5_7": 0.98201,
        "6_7": 0.98011,
        "mean": 0.97957
    }
}