{
    "accuracy": {
        "0": 0.9053,
        "1": 0.9072,
        "2": 0.88068,
        "3": 0.89583,
        "4": 0.91761,
        "5": 0.91477,
        "6": 0.91193,
        "7": 0.91667,
        "mean": 0.90625,
        "min": 0.84091,
        "max": 0.95739,
        "majority_voting": 0.91667
    },
    "consistency": {
        "0_1": 0.94602,
        "0_2": 0.93087,
        "0_3": 0.92708,
        "0_4": 0.94034,
        "0_5": 0.93655,
        "0_6": 0.94318,
        "0_7": 0.93561,
        "1_2": 0.93561,
        "1_3": 0.93466,
        "1_4": 0.94413,
        "1_5": 0.93277,
        "1_6": 0.94129,
        "1_7": 0.9375,
        "2_3": 0.94223,
        "2_4": 0.91856,
        "2_5": 0.92614,
        "2_6": 0.92898,
        "2_7": 0.92803,
        "3_4": 0.92424,
        "3_5": 0.92898,
        "3_6": 0.93371,
        "3_7": 0.92992,
        "4_5": 0.94508,
        "4_6": 0.93939,
        "4_7": 0.93939,
        "5_6": 0.94129,
        "5_7": 0.93277,
        "6_7": 0.94034,
        "mean": 0.93517
    }
}