{
    "accuracy": {
        "0": 0.65,
        "1": 0.6375,
        "2": 0.65,
        "3": 0.625,
        "4": 0.65,
        "5": 0.625,
        "6": 0.625,
        "7": 0.6125,
        "mean": 0.63438,
        "min": 0.5125,
        "max": 0.7125,
        "majority_voting": 0.6625
    },
    "consistency": {
        "0_1": 0.9875,
        "0_2": 0.975,
        "0_3": 0.975,
        "0_4": 0.875,
        "0_5": 0.85,
        "0_6": 0.85,
        "0_7": 0.8375,
        "1_2": 0.9625,
        "1_3": 0.9625,
        "1_4": 0.8625,
        "1_5": 0.8375,
        "1_6": 0.8375,
        "1_7": 0.825,
        "2_3": 0.975,
        "2_4": 0.875,
        "2_5": 0.85,
        "2_6": 0.85,
        "2_7": 0.8625,
        "3_4": 0.85,
        "3_5": 0.825,
        "3_6": 0.825,
        "3_7": 0.8375,
        "4_5": 0.975,
        "4_6": 0.975,
        "4_7": 0.9625,
        "5_6": 0.975,
        "5_7": 0.9625,
        "6_7": 0.9875,
        "mean": 0.90089
    }
}