{
    "accuracy": {
        "0": 0.65,
        "1": 0.65,
        "2": 0.5875,
        "3": 0.5875,
        "4": 0.6,
        "5": 0.6125,
        "6": 0.5625,
        "7": 0.6,
        "mean": 0.60625,
        "min": 0.55,
        "max": 0.675,
        "majority_voting": 0.625
    },
    "consistency": {
        "0_1": 0.975,
        "0_2": 0.9375,
        "0_3": 0.9375,
        "0_4": 0.95,
        "0_5": 0.9375,
        "0_6": 0.8875,
        "0_7": 0.925,
        "1_2": 0.9125,
        "1_3": 0.9375,
        "1_4": 0.95,
        "1_5": 0.9625,
        "1_6": 0.8875,
        "1_7": 0.925,
        "2_3": 0.975,
        "2_4": 0.9125,
        "2_5": 0.9,
        "2_6": 0.95,
        "2_7": 0.9375,
        "3_4": 0.9375,
        "3_5": 0.925,
        "3_6": 0.95,
        "3_7": 0.9625,
        "4_5": 0.9875,
        "4_6": 0.9375,
        "4_7": 0.95,
        "5_6": 0.925,
        "5_7": 0.9375,
        "6_7": 0.9625,
        "mean": 0.93839
    }
}