{
    "accuracy": {
        "0": 0.7,
        "1": 0.7,
        "2": 0.6875,
        "3": 0.6875,
        "4": 0.7125,
        "5": 0.7,
        "6": 0.675,
        "7": 0.6875,
        "mean": 0.69375,
        "min": 0.675,
        "max": 0.725,
        "majority_voting": 0.7
    },
    "consistency": {
        "0_1": 1.0,
        "0_2": 0.9875,
        "0_3": 0.9875,
        "0_4": 0.9625,
        "0_5": 0.975,
        "0_6": 0.975,
        "0_7": 0.9875,
        "1_2": 0.9875,
        "1_3": 0.9875,
        "1_4": 0.9625,
        "1_5": 0.975,
        "1_6": 0.975,
        "1_7": 0.9875,
        "2_3": 1.0,
        "2_4": 0.95,
        "2_5": 0.9625,
        "2_6": 0.9875,
        "2_7": 0.975,
        "3_4": 0.95,
        "3_5": 0.9625,
        "3_6": 0.9875,
        "3_7": 0.975,
        "4_5": 0.9875,
        "4_6": 0.9625,
        "4_7": 0.975,
        "5_6": 0.975,
        "5_7": 0.9875,
        "6_7": 0.9875,
        "mean": 0.97768
    }
}