{
    "accuracy": {
        "0": 0.78125,
        "1": 0.76894,
        "2": 0.78125,
        "3": 0.78409,
        "4": 0.79924,
        "5": 0.80871,
        "6": 0.80682,
        "7": 0.80114,
        "mean": 0.79143,
        "min": 0.60701,
        "max": 0.92235,
        "majority_voting": 0.83807
    },
    "consistency": {
        "0_1": 0.79451,
        "0_2": 0.7803,
        "0_3": 0.78409,
        "0_4": 0.81913,
        "0_5": 0.80303,
        "0_6": 0.80114,
        "0_7": 0.79261,
        "1_2": 0.76799,
        "1_3": 0.76989,
        "1_4": 0.78504,
        "1_5": 0.78125,
        "1_6": 0.77178,
        "1_7": 0.7661,
        "2_3": 0.85511,
        "2_4": 0.7822,
        "2_5": 0.80208,
        "2_6": 0.81818,
        "2_7": 0.81155,
        "3_4": 0.78788,
        "3_5": 0.80303,
        "3_6": 0.80492,
        "3_7": 0.82292,
        "4_5": 0.85701,
        "4_6": 0.82481,
        "4_7": 0.81061,
        "5_6": 0.83144,
        "5_7": 0.82481,
        "6_7": 0.86553,
        "mean": 0.80425
    }
}