{
    "accuracy": {
        "0": 0.51894,
        "1": 0.52841,
        "2": 0.53314,
        "3": 0.58617,
        "4": 0.49716,
        "5": 0.59091,
        "6": 0.5142,
        "7": 0.53598,
        "mean": 0.53812,
        "min": 0.23864,
        "max": 0.84848,
        "majority_voting": 0.63542
    },
    "consistency": {
        "0_1": 0.58049,
        "0_2": 0.57765,
        "0_3": 0.52841,
        "0_4": 0.48295,
        "0_5": 0.51894,
        "0_6": 0.47348,
        "0_7": 0.45265,
        "1_2": 0.52936,
        "1_3": 0.52841,
        "1_4": 0.43561,
        "1_5": 0.49432,
        "1_6": 0.43371,
        "1_7": 0.43561,
        "2_3": 0.60985,
        "2_4": 0.44318,
        "2_5": 0.4858,
        "2_6": 0.47727,
        "2_7": 0.45549,
        "3_4": 0.45455,
        "3_5": 0.51515,
        "3_6": 0.48864,
        "3_7": 0.48295,
        "4_5": 0.64678,
        "4_6": 0.64867,
        "4_7": 0.56439,
        "5_6": 0.5928,
        "5_7": 0.58996,
        "6_7": 0.64394,
        "mean": 0.52039
    }
}