{
    "accuracy": {
        "0": 0.7,
        "1": 0.7125,
        "2": 0.6625,
        "3": 0.6875,
        "4": 0.7375,
        "5": 0.7,
        "6": 0.7,
        "7": 0.725,
        "mean": 0.70312,
        "min": 0.575,
        "max": 0.8125,
        "majority_voting": 0.725
    },
    "consistency": {
        "0_1": 0.9375,
        "0_2": 0.8625,
        "0_3": 0.8625,
        "0_4": 0.9125,
        "0_5": 0.925,
        "0_6": 0.9,
        "0_7": 0.875,
        "1_2": 0.925,
        "1_3": 0.925,
        "1_4": 0.875,
        "1_5": 0.8625,
        "1_6": 0.8875,
        "1_7": 0.8875,
        "2_3": 0.95,
        "2_4": 0.8,
        "2_5": 0.8125,
        "2_6": 0.8875,
        "2_7": 0.8875,
        "3_4": 0.8,
        "3_5": 0.7875,
        "3_6": 0.8625,
        "3_7": 0.8875,
        "4_5": 0.9625,
        "4_6": 0.8875,
        "4_7": 0.8875,
        "5_6": 0.9,
        "5_7": 0.9,
        "6_7": 0.925,
        "mean": 0.88482
    }
}