{
    "accuracy": {
        "0": 0.625,
        "1": 0.6625,
        "2": 0.725,
        "3": 0.6125,
        "4": 0.6875,
        "5": 0.625,
        "6": 0.725,
        "7": 0.75,
        "mean": 0.67656,
        "min": 0.4125,
        "max": 0.8625,
        "majority_voting": 0.7125
    },
    "consistency": {
        "0_1": 0.725,
        "0_2": 0.85,
        "0_3": 0.6875,
        "0_4": 0.7625,
        "0_5": 0.7625,
        "0_6": 0.85,
        "0_7": 0.7625,
        "1_2": 0.75,
        "1_3": 0.7875,
        "1_4": 0.7875,
        "1_5": 0.85,
        "1_6": 0.7625,
        "1_7": 0.7625,
        "2_3": 0.7375,
        "2_4": 0.7625,
        "2_5": 0.725,
        "2_6": 0.9,
        "2_7": 0.8125,
        "3_4": 0.7375,
        "3_5": 0.775,
        "3_6": 0.725,
        "3_7": 0.775,
        "4_5": 0.85,
        "4_6": 0.75,
        "4_7": 0.7875,
        "5_6": 0.75,
        "5_7": 0.8125,
        "6_7": 0.825,
        "mean": 0.77946
    }
}