{
    "accuracy": {
        "0": 0.74616,
        "1": 0.74616,
        "2": 0.75128,
        "3": 0.74821,
        "4": 0.75537,
        "5": 0.74719,
        "6": 0.74719,
        "7": 0.74616,
        "8": 0.74616,
        "9": 0.74104,
        "10": 0.74923,
        "11": 0.74309,
        "12": 0.74309,
        "13": 0.739,
        "14": 0.74923,
        "15": 0.73286,
        "16": 0.74719,
        "17": 0.74207,
        "18": 0.74002,
        "19": 0.74309,
        "20": 0.74514,
        "21": 0.74514,
        "22": 0.74821,
        "23": 0.73797,
        "24": 0.73797,
        "25": 0.74719,
        "26": 0.74514,
        "27": 0.74821,
        "28": 0.74002,
        "29": 0.73797,
        "30": 0.74616,
        "31": 0.73797,
        "mean": 0.7444,
        "min": 0.66223,
        "max": 0.81679,
        "majority_voting": 0.74616
    },
    "consistency": {
        "0_1": 0.96213,
        "0_2": 0.95701,
        "0_3": 0.95906,
        "0_4": 0.96622,
        "0_5": 0.95394,
        "0_6": 0.94473,
        "0_7": 0.95394,
        "0_8": 0.95496,
        "0_9": 0.92938,
        "0_10": 0.93142,
        "0_11": 0.93245,
        "0_12": 0.94371,
        "0_13": 0.92119,
        "0_14": 0.92835,
        "0_15": 0.92221,
        "0_16": 0.9478,
        "0_17": 0.92631,
        "0_18": 0.93756,
        "0_19": 0.93449,
        "0_20": 0.94166,
        "0_21": 0.92733,
        "0_22": 0.93142,
        "0_23": 0.93245,
        "0_24": 0.94575,
        "0_25": 0.93449,
        "0_26": 0.93654,
        "0_27": 0.93347,
        "0_28": 0.9304,
        "0_29": 0.92631,
        "0_30": 0.92835,
        "0_31": 0.92528,
        "1_2": 0.94985,
        "1_3": 0.96008,
        "1_4": 0.95087,
        "1_5": 0.96725,
        "1_6": 0.93552,
        "1_7": 0.95906,
        "1_8": 0.94268,
        "1_9": 0.94882,
        "1_10": 0.92938,
        "1_11": 0.94678,
        "1_12": 0.94063,
        "1_13": 0.94063,
        "1_14": 0.9304,
        "1_15": 0.93756,
        "1_16": 0.94985,
        "1_17": 0.94473,
        "1_18": 0.93756,
        "1_19": 0.94882,
        "1_20": 0.94166,
        "1_21": 0.94268,
        "1_22": 0.93245,
        "1_23": 0.94268,
        "1_24": 0.93347,
        "1_25": 0.94985,
        "1_26": 0.93142,
        "1_27": 0.94678,
        "1_28": 0.92938,
        "1_29": 0.94575,
        "1_30": 0.92426,
        "1_31": 0.93449,
        "2_3": 0.96111,
        "2_4": 0.94575,
        "2_5": 0.95087,
        "2_6": 0.97441,
        "2_7": 0.96111,
        "2_8": 0.94575,
        "2_9": 0.9304,
        "2_10": 0.96213,
        "2_11": 0.94371,
        "2_12": 0.93552,
        "2_13": 0.92426,
        "2_14": 0.95803,
        "2_15": 0.94166,
        "2_16": 0.94371,
        "2_17": 0.9304,
        "2_18": 0.95906,
        "2_19": 0.94473,
        "2_20": 0.94985,
        "2_21": 0.94063,
        "2_22": 0.95292,
        "2_23": 0.94268,
        "2_24": 0.94063,
        "2_25": 0.94166,
        "2_26": 0.95803,
        "2_27": 0.95087,
        "2_28": 0.93347,
        "2_29": 0.93245,
        "2_30": 0.95087,
        "2_31": 0.94473,
        "3_4": 0.94882,
        "3_5": 0.95394,
        "3_6": 0.9478,
        "3_7": 0.97134,
        "3_8": 0.95292,
        "3_9": 0.94166,
        "3_10": 0.94473,
        "3_11": 0.96315,
        "3_12": 0.94268,
        "3_13": 0.92835,
        "3_14": 0.94166,
        "3_15": 0.95189,
        "3_16": 0.94882,
        "3_17": 0.93961,
        "3_18": 0.9478,
        "3_19": 0.95496,
        "3_20": 0.94371,
        "3_21": 0.93245,
        "3_22": 0.93756,
        "3_23": 0.9478,
        "3_24": 0.93245,
        "3_25": 0.93449,
        "3_26": 0.93961,
        "3_27": 0.94268,
        "3_28": 0.92528,
        "3_29": 0.92426,
        "3_30": 0.92835,
        "3_31": 0.93142,
        "4_5": 0.96725,
        "4_6": 0.95189,
        "4_7": 0.95599,
        "4_8": 0.94473,
        "4_9": 0.92835,
        "4_10": 0.92835,
        "4_11": 0.92938,
        "4_12": 0.95496,
        "4_13": 0.93245,
        "4_14": 0.93961,
        "4_15": 0.93245,
        "4_16": 0.94575,
        "4_17": 0.92631,
        "4_18": 0.93961,
        "4_19": 0.93142,
        "4_20": 0.94882,
        "4_21": 0.93245,
        "4_22": 0.93756,
        "4_23": 0.93654,
        "4_24": 0.94473,
        "4_25": 0.94063,
        "4_26": 0.93756,
        "4_27": 0.93756,
        "4_28": 0.94575,
        "4_29": 0.94371,
        "4_30": 0.93552,
        "4_31": 0.93449,
        "5_6": 0.94882,
        "5_7": 0.9652,
        "5_8": 0.94473,
        "5_9": 0.93859,
        "5_10": 0.93245,
        "5_11": 0.93961,
        "5_12": 0.95087,
        "5_13": 0.94678,
        "5_14": 0.93654,
        "5_15": 0.93552,
        "5_16": 0.94371,
        "5_17": 0.93449,
        "5_18": 0.94268,
        "5_19": 0.93654,
        "5_20": 0.94371,
        "5_21": 0.94268,
        "5_22": 0.93347,
        "5_23": 0.94063,
        "5_24": 0.93449,
        "5_25": 0.94985,
        "5_26": 0.93347,
        "5_27": 0.94166,
        "5_28": 0.93961,
        "5_29": 0.95803,
        "5_30": 0.92631,
        "5_31": 0.93347,
        "6_7": 0.96213,
        "6_8": 0.93859,
        "6_9": 0.92221,
        "6_10": 0.95394,
        "6_11": 0.92835,
        "6_12": 0.93654,
        "6_13": 0.92426,
        "6_14": 0.9652,
        "6_15": 0.93859,
        "6_16": 0.93654,
        "6_17": 0.92323,
        "6_18": 0.95189,
        "6_19": 0.92733,
        "6_20": 0.9478,
        "6_21": 0.93449,
        "6_22": 0.95496,
        "6_23": 0.93654,
        "6_24": 0.93347,
        "6_25": 0.93347,
        "6_26": 0.94678,
        "6_27": 0.93859,
        "6_28": 0.92938,
        "6_29": 0.9304,
        "6_30": 0.94678,
        "6_31": 0.93756,
        "7_8": 0.94985,
        "7_9": 0.94063,
        "7_10": 0.95087,
        "7_11": 0.95292,
        "7_12": 0.94882,
        "7_13": 0.93756,
        "7_14": 0.94985,
        "7_15": 0.95599,
        "7_16": 0.93961,
        "7_17": 0.9304,
        "7_18": 0.94371,
        "7_19": 0.94473,
        "7_20": 0.94575,
        "7_21": 0.93552,
        "7_22": 0.93859,
        "7_23": 0.95087,
        "7_24": 0.93142,
        "7_25": 0.93859,
        "7_26": 0.93449,
        "7_27": 0.94166,
        "7_28": 0.93245,
        "7_29": 0.93552,
        "7_30": 0.92631,
        "7_31": 0.93552,
        "8_9": 0.95087,
        "8_10": 0.94678,
        "8_11": 0.95087,
        "8_12": 0.96725,
        "8_13": 0.94575,
        "8_14": 0.94678,
        "8_15": 0.94985,
        "8_16": 0.95906,
        "8_17": 0.93552,
        "8_18": 0.94882,
        "8_19": 0.94473,
        "8_20": 0.95292,
        "8_21": 0.93552,
        "8_22": 0.93859,
        "8_23": 0.94063,
        "8_24": 0.94268,
        "8_25": 0.93449,
        "8_26": 0.93654,
        "8_27": 0.93552,
        "8_28": 0.93142,
        "8_29": 0.92119,
        "8_30": 0.9304,
        "8_31": 0.92631,
        "9_10": 0.93347,
        "9_11": 0.95803,
        "9_12": 0.95087,
        "9_13": 0.9652,
        "9_14": 0.93552,
        "9_15": 0.95599,
        "9_16": 0.94371,
        "9_17": 0.95087,
        "9_18": 0.93449,
        "9_19": 0.94575,
        "9_20": 0.93961,
        "9_21": 0.94166,
        "9_22": 0.93245,
        "9_23": 0.94166,
        "9_24": 0.92426,
        "9_25": 0.93347,
        "9_26": 0.92323,
        "9_27": 0.93552,
        "9_28": 0.91914,
        "9_29": 0.92938,
        "9_30": 0.92016,
        "9_31": 0.92631,
        "10_11": 0.94882,
        "10_12": 0.93449,
        "10_13": 0.93142,
        "10_14": 0.96929,
        "10_15": 0.94985,
        "10_16": 0.93245,
        "10_17": 0.91914,
        "10_18": 0.94985,
        "10_19": 0.92733,
        "10_20": 0.94268,
        "10_21": 0.92733,
        "10_22": 0.94371,
        "10_23": 0.93142,
        "10_24": 0.92528,
        "10_25": 0.92119,
        "10_26": 0.94063,
        "10_27": 0.93142,
        "10_28": 0.91709,
        "10_29": 0.91402,
        "10_30": 0.93142,
        "10_31": 0.92528,