{
    "accuracy": {
        "0": 0.76663,
        "1": 0.76766,
        "2": 0.75742,
        "3": 0.75435,
        "4": 0.76663,
        "5": 0.76049,
        "6": 0.75537,
        "7": 0.74821,
        "8": 0.76356,
        "9": 0.75537,
        "10": 0.7523,
        "11": 0.74207,
        "12": 0.75742,
        "13": 0.74616,
        "14": 0.75537,
        "15": 0.74309,
        "16": 0.75537,
        "17": 0.76254,
        "18": 0.75026,
        "19": 0.75128,
        "20": 0.7523,
        "21": 0.76561,
        "22": 0.75537,
        "23": 0.75947,
        "24": 0.75844,
        "25": 0.76356,
        "26": 0.76356,
        "27": 0.77175,
        "28": 0.7564,
        "29": 0.75128,
        "30": 0.74821,
        "31": 0.76151,
        "mean": 0.75684,
        "min": 0.53941,
        "max": 0.90583,
        "majority_voting": 0.7738
    },
    "consistency": {
        "0_1": 0.91402,
        "0_2": 0.89048,
        "0_3": 0.85977,
        "0_4": 0.90788,
        "0_5": 0.85568,
        "0_6": 0.85056,
        "0_7": 0.8608,
        "0_8": 0.91914,
        "0_9": 0.88332,
        "0_10": 0.87103,
        "0_11": 0.86387,
        "0_12": 0.88843,
        "0_13": 0.8393,
        "0_14": 0.85568,
        "0_15": 0.84852,
        "0_16": 0.90174,
        "0_17": 0.88536,
        "0_18": 0.8782,
        "0_19": 0.85363,
        "0_20": 0.8915,
        "0_21": 0.85261,
        "0_22": 0.86182,
        "0_23": 0.84442,
        "0_24": 0.8915,
        "0_25": 0.88127,
        "0_26": 0.86489,
        "0_27": 0.84954,
        "0_28": 0.88332,
        "0_29": 0.85875,
        "0_30": 0.8393,
        "0_31": 0.8393,
        "1_2": 0.88536,
        "1_3": 0.87308,
        "1_4": 0.90174,
        "1_5": 0.8608,
        "1_6": 0.85875,
        "1_7": 0.86796,
        "1_8": 0.91095,
        "1_9": 0.913,
        "1_10": 0.8741,
        "1_11": 0.87001,
        "1_12": 0.90174,
        "1_13": 0.84545,
        "1_14": 0.86387,
        "1_15": 0.85977,
        "1_16": 0.89355,
        "1_17": 0.89969,
        "1_18": 0.88229,
        "1_19": 0.86182,
        "1_20": 0.89458,
        "1_21": 0.85977,
        "1_22": 0.87308,
        "1_23": 0.86694,
        "1_24": 0.88946,
        "1_25": 0.88946,
        "1_26": 0.86899,
        "1_27": 0.85568,
        "1_28": 0.8782,
        "1_29": 0.86796,
        "1_30": 0.84135,
        "1_31": 0.85056,
        "2_3": 0.86796,
        "2_4": 0.88229,
        "2_5": 0.85773,
        "2_6": 0.86489,
        "2_7": 0.86899,
        "2_8": 0.8782,
        "2_9": 0.86592,
        "2_10": 0.90174,
        "2_11": 0.86182,
        "2_12": 0.88025,
        "2_13": 0.84033,
        "2_14": 0.86899,
        "2_15": 0.85773,
        "2_16": 0.88332,
        "2_17": 0.87513,
        "2_18": 0.89253,
        "2_19": 0.84749,
        "2_20": 0.87718,
        "2_21": 0.86182,
        "2_22": 0.86796,
        "2_23": 0.85568,
        "2_24": 0.87513,
        "2_25": 0.86387,
        "2_26": 0.87308,
        "2_27": 0.85875,
        "2_28": 0.87001,
        "2_29": 0.85977,
        "2_30": 0.84852,
        "2_31": 0.85056,
        "3_4": 0.87308,
        "3_5": 0.88741,
        "3_6": 0.87718,
        "3_7": 0.89969,
        "3_8": 0.85773,
        "3_9": 0.8608,
        "3_10": 0.87206,
        "3_11": 0.91095,
        "3_12": 0.85056,
        "3_13": 0.85875,
        "3_14": 0.86796,
        "3_15": 0.86899,
        "3_16": 0.86489,
        "3_17": 0.86387,
        "3_18": 0.86285,
        "3_19": 0.89662,
        "3_20": 0.8567,
        "3_21": 0.87513,
        "3_22": 0.87001,
        "3_23": 0.86694,
        "3_24": 0.85363,
        "3_25": 0.84237,
        "3_26": 0.84954,
        "3_27": 0.8782,
        "3_28": 0.84954,
        "3_29": 0.8741,
        "3_30": 0.86387,
        "3_31": 0.86796,
        "4_5": 0.86899,
        "4_6": 0.85875,
        "4_7": 0.87206,
        "4_8": 0.89662,
        "4_9": 0.86592,
        "4_10": 0.87718,
        "4_11": 0.86592,
        "4_12": 0.913,
        "4_13": 0.85056,
        "4_14": 0.86285,
        "4_15": 0.85773,
        "4_16": 0.90276,
        "4_17": 0.88434,
        "4_18": 0.86899,
        "4_19": 0.85977,
        "4_20": 0.913,
        "4_21": 0.86285,
        "4_22": 0.8608,
        "4_23": 0.85363,
        "4_24": 0.8956,
        "4_25": 0.8741,
        "4_26": 0.86285,
        "4_27": 0.85261,
        "4_28": 0.88332,
        "4_29": 0.86182,
        "4_30": 0.83316,
        "4_31": 0.84442,
        "5_6": 0.88639,
        "5_7": 0.89048,
        "5_8": 0.86796,
        "5_9": 0.85875,
        "5_10": 0.86489,
        "5_11": 0.89662,
        "5_12": 0.85773,
        "5_13": 0.90788,
        "5_14": 0.87718,
        "5_15": 0.88229,
        "5_16": 0.86285,
        "5_17": 0.86182,
        "5_18": 0.85363,
        "5_19": 0.86387,
        "5_20": 0.8567,
        "5_21": 0.90174,
        "5_22": 0.87513,
        "5_23": 0.87513,
        "5_24": 0.85466,
        "5_25": 0.84135,
        "5_26": 0.82907,
        "5_27": 0.86489,
        "5_28": 0.84852,
        "5_29": 0.88229,
        "5_30": 0.85977,
        "5_31": 0.86694,
        "6_7": 0.90993,
        "6_8": 0.84135,
        "6_9": 0.84442,
        "6_10": 0.85773,
        "6_11": 0.86592,
        "6_12": 0.84749,
        "6_13": 0.85261,
        "6_14": 0.88229,
        "6_15": 0.8782,
        "6_16": 0.85568,
        "6_17": 0.85261,
        "6_18": 0.85056,
        "6_19": 0.85773,
        "6_20": 0.84749,
        "6_21": 0.87001,
        "6_22": 0.89355,
        "6_23": 0.87922,
        "6_24": 0.84852,
        "6_25": 0.83316,
        "6_26": 0.83828,
        "6_27": 0.86489,
        "6_28": 0.84237,
        "6_29": 0.8567,
        "6_30": 0.8608,
        "6_31": 0.85568,
        "7_8": 0.85875,
        "7_9": 0.84749,
        "7_10": 0.85875,
        "7_11": 0.89355,
        "7_12": 0.85977,
        "7_13": 0.86796,
        "7_14": 0.8741,
        "7_15": 0.89048,
        "7_16": 0.86796,
        "7_17": 0.85568,
        "7_18": 0.86285,
        "7_19": 0.87615,
        "7_20": 0.85466,
        "7_21": 0.87513,
        "7_22": 0.8741,
        "7_23": 0.87718,
        "7_24": 0.84647,
        "7_25": 0.83726,
        "7_26": 0.8393,
        "7_27": 0.87308,
        "7_28": 0.84852,
        "7_29": 0.86796,
        "7_30": 0.85466,
        "7_31": 0.86285,
        "8_9": 0.90481,
        "8_10": 0.89048,
        "8_11": 0.86592,
        "8_12": 0.92426,
        "8_13": 0.84954,
        "8_14": 0.86285,
        "8_15": 0.86387,
        "8_16": 0.9089,
        "8_17": 0.91198,
        "8_18": 0.88946,
        "8_19": 0.85875,
        "8_20": 0.89458,
        "8_21": 0.85977,
        "8_22": 0.85773,
        "8_23": 0.85363,
        "8_24": 0.88843,
        "8_25": 0.88639,
        "8_26": 0.87001,
        "8_27": 0.85056,
        "8_28": 0.8915,
        "8_29": 0.85977,
        "8_30": 0.84135,
        "8_31": 0.84647,
        "9_10": 0.87718,
        "9_11": 0.8608,
        "9_12": 0.89458,
        "9_13": 0.8434,
        "9_14": 0.85261,
        "9_15": 0.85568,
        "9_16": 0.88025,
        "9_17": 0.89867,
        "9_18": 0.87718,
        "9_19": 0.86182,
        "9_20": 0.87615,
        "9_21": 0.86489,
        "9_22": 0.8608,
        "9_23": 0.84852,
        "9_24": 0.87001,
        "9_25": 0.88229,
        "9_26": 0.85466,
        "9_27": 0.85159,
        "9_28": 0.86694,
        "9_29": 0.85466,
        "9_30": 0.84545,
        "9_31": 0.85363,
        "10_11": 0.8741,
        "10_12": 0.88946,
        "10_13": 0.85261,
        "10_14": 0.86899,
        "10_15": 0.87103,
        "10_16": 0.87922,
        "10_17": 0.87718,
        "10_18": 0.89969,
        "10_19": 0.85261,
        "10_20": 0.88741,
        "10_21": 0.86694,
        "10_22": 0.86489,
        "10_23": 0.8567,
        "10_24": 0.87206,
        "10_25": 0.86694,
        "10_26": 0.88332,
        "10_27": 0.84954,
        "10_28": 0.87001,
        "10_29": 0.85773,
        "10_30": 0.85466,
        "10_31": 0.84545,
        "11_12": 0.8608,