{
    "accuracy": {
        "0": 0.7166,
        "1": 0.7193,
        "2": 0.71525,
        "3": 0.72065,
        "4": 0.7139,
        "5": 0.7139,
        "6": 0.7139,
        "7": 0.7058,
        "mean": 0.71491,
        "min": 0.45209,
        "max": 0.90013,
        "majority_voting": 0.76113
    },
    "consistency": {
        "0_1": 0.74089,
        "0_2": 0.74629,
        "0_3": 0.73819,
        "0_4": 0.78003,
        "0_5": 0.74224,
        "0_6": 0.7274,
        "0_7": 0.71255,
        "1_2": 0.73819,
        "1_3": 0.73954,
        "1_4": 0.74359,
        "1_5": 0.75439,
        "1_6": 0.7193,
        "1_7": 0.73414,
        "2_3": 0.75034,
        "2_4": 0.76248,
        "2_5": 0.73549,
        "2_6": 0.75978,
        "2_7": 0.74899,
        "3_4": 0.74764,
        "3_5": 0.73684,
        "3_6": 0.73684,
        "3_7": 0.74899,
        "4_5": 0.77328,
        "4_6": 0.73954,
        "4_7": 0.74629,
        "5_6": 0.73009,
        "5_7": 0.73549,
        "6_7": 0.74494,
        "mean": 0.74335
    }
}