{
    "accuracy": {
        "0": 0.68556,
        "1": 0.7031,
        "2": 0.69771,
        "3": 0.67611,
        "4": 0.66397,
        "5": 0.70985,
        "6": 0.68286,
        "7": 0.68826,
        "mean": 0.68843,
        "min": 0.45209,
        "max": 0.88124,
        "majority_voting": 0.73279
    },
    "consistency": {
        "0_1": 0.74764,
        "0_2": 0.73549,
        "0_3": 0.72874,
        "0_4": 0.73414,
        "0_5": 0.7247,
        "0_6": 0.70715,
        "0_7": 0.70985,
        "1_2": 0.75574,
        "1_3": 0.75034,
        "1_4": 0.71795,
        "1_5": 0.72605,
        "1_6": 0.70445,
        "1_7": 0.72874,
        "2_3": 0.71255,
        "2_4": 0.7274,
        "2_5": 0.70715,
        "2_6": 0.74764,
        "2_7": 0.722,
        "3_4": 0.71795,
        "3_5": 0.72065,
        "3_6": 0.7112,
        "3_7": 0.75034,
        "4_5": 0.73414,
        "4_6": 0.70715,
        "4_7": 0.7112,
        "5_6": 0.70985,
        "5_7": 0.72605,
        "6_7": 0.73414,
        "mean": 0.72537
    }
}