{
    "accuracy": {
        "0": 0.73797,
        "1": 0.73695,
        "2": 0.74002,
        "3": 0.73797,
        "4": 0.74411,
        "5": 0.7349,
        "6": 0.739,
        "7": 0.739,
        "mean": 0.73874,
        "min": 0.7042,
        "max": 0.77584,
        "majority_voting": 0.73797
    },
    "consistency": {
        "0_1": 0.97953,
        "0_2": 0.95496,
        "0_3": 0.95087,
        "0_4": 0.97441,
        "0_5": 0.97134,
        "0_6": 0.94575,
        "0_7": 0.94678,
        "1_2": 0.95803,
        "1_3": 0.96111,
        "1_4": 0.97032,
        "1_5": 0.97851,
        "1_6": 0.94985,
        "1_7": 0.95701,
        "2_3": 0.97134,
        "2_4": 0.95087,
        "2_5": 0.95394,
        "2_6": 0.97441,
        "2_7": 0.97134,
        "3_4": 0.93961,
        "3_5": 0.94985,
        "3_6": 0.95803,
        "3_7": 0.97748,
        "4_5": 0.97441,
        "4_6": 0.95189,
        "4_7": 0.94371,
        "5_6": 0.95189,
        "5_7": 0.95394,
        "6_7": 0.96622,
        "mean": 0.96026
    }
}