{
    "accuracy": {
        "0": 0.76254,
        "1": 0.76254,
        "2": 0.7523,
        "3": 0.75844,
        "4": 0.75742,
        "5": 0.7564,
        "6": 0.7523,
        "7": 0.74719,
        "mean": 0.75614,
        "min": 0.7216,
        "max": 0.79836,
        "majority_voting": 0.75742
    },
    "consistency": {
        "0_1": 0.97646,
        "0_2": 0.95599,
        "0_3": 0.94882,
        "0_4": 0.96213,
        "0_5": 0.96111,
        "0_6": 0.94882,
        "0_7": 0.94166,
        "1_2": 0.95803,
        "1_3": 0.95292,
        "1_4": 0.96111,
        "1_5": 0.96725,
        "1_6": 0.95087,
        "1_7": 0.94473,
        "2_3": 0.97236,
        "2_4": 0.95701,
        "2_5": 0.95496,
        "2_6": 0.97544,
        "2_7": 0.96315,
        "3_4": 0.95189,
        "3_5": 0.95599,
        "3_6": 0.96418,
        "3_7": 0.96929,
        "4_5": 0.98567,
        "4_6": 0.97032,
        "4_7": 0.96213,
        "5_6": 0.96622,
        "5_7": 0.96418,
        "6_7": 0.97544,
        "mean": 0.96136
    }
}