{
    "accuracy": {
        "0": 0.72057,
        "1": 0.72876,
        "2": 0.72364,
        "3": 0.73593,
        "4": 0.73286,
        "5": 0.72569,
        "6": 0.72262,
        "7": 0.72569,
        "mean": 0.72697,
        "min": 0.58444,
        "max": 0.84647,
        "majority_voting": 0.74207
    },
    "consistency": {
        "0_1": 0.92426,
        "0_2": 0.88229,
        "0_3": 0.8567,
        "0_4": 0.85875,
        "0_5": 0.85466,
        "0_6": 0.85261,
        "0_7": 0.84135,
        "1_2": 0.88946,
        "1_3": 0.87922,
        "1_4": 0.85056,
        "1_5": 0.86285,
        "1_6": 0.8567,
        "1_7": 0.85159,
        "2_3": 0.8782,
        "2_4": 0.84135,
        "2_5": 0.84647,
        "2_6": 0.85773,
        "2_7": 0.84237,
        "3_4": 0.84545,
        "3_5": 0.8608,
        "3_6": 0.84954,
        "3_7": 0.86899,
        "4_5": 0.90686,
        "4_6": 0.86899,
        "4_7": 0.85568,
        "5_6": 0.87922,
        "5_7": 0.87103,
        "6_7": 0.88434,
        "mean": 0.86493
    }
}