{
    "accuracy": {
        "0": 0.67476,
        "1": 0.56275,
        "2": 0.60054,
        "3": 0.72335,
        "4": 0.79352,
        "5": 0.80702,
        "6": 0.53846,
        "7": 0.71255,
        "mean": 0.67662,
        "min": 0.24157,
        "max": 0.89879,
        "majority_voting": 0.78677
    },
    "consistency": {
        "0_1": 0.77058,
        "0_2": 0.69771,
        "0_3": 0.66937,
        "0_4": 0.74494,
        "0_5": 0.74629,
        "0_6": 0.48718,
        "0_7": 0.65047,
        "1_2": 0.69501,
        "1_3": 0.54386,
        "1_4": 0.62618,
        "1_5": 0.63158,
        "1_6": 0.39136,
        "1_7": 0.52497,
        "2_3": 0.68556,
        "2_4": 0.65047,
        "2_5": 0.65857,
        "2_6": 0.54656,
        "2_7": 0.64912,
        "3_4": 0.78138,
        "3_5": 0.78543,
        "3_6": 0.61404,
        "3_7": 0.78138,
        "4_5": 0.91363,
        "4_6": 0.5668,
        "4_7": 0.75169,
        "5_6": 0.57085,
        "5_7": 0.76113,
        "6_7": 0.70175,
        "mean": 0.66421
    }
}