{
    "accuracy": {
        "0": 0.80837,
        "1": 0.80567,
        "2": 0.16194,
        "3": 0.77058,
        "4": 0.77463,
        "5": 0.65452,
        "6": 0.19838,
        "7": 0.7031,
        "mean": 0.60965,
        "min": 0.1309,
        "max": 0.86505,
        "majority_voting": 0.76248
    },
    "consistency": {
        "0_1": 0.94197,
        "0_2": 0.19028,
        "0_3": 0.90553,
        "0_4": 0.92578,
        "0_5": 0.78273,
        "0_6": 0.23752,
        "0_7": 0.82996,
        "1_2": 0.19028,
        "1_3": 0.91633,
        "1_4": 0.89744,
        "1_5": 0.79487,
        "1_6": 0.23887,
        "1_7": 0.84211,
        "2_3": 0.22942,
        "2_4": 0.22672,
        "2_5": 0.36032,
        "2_6": 0.94737,
        "2_7": 0.31444,
        "3_4": 0.87584,
        "3_5": 0.79217,
        "3_6": 0.278,
        "3_7": 0.87584,
        "4_5": 0.82321,
        "4_6": 0.2726,
        "4_7": 0.85155,
        "5_6": 0.40756,
        "5_7": 0.8448,
        "6_7": 0.36167,
        "mean": 0.61269
    }
}