{
    "accuracy": {
        "0": 0.82726,
        "1": 0.82456,
        "2": 0.81511,
        "3": 0.82186,
        "4": 0.83131,
        "5": 0.82321,
        "6": 0.81377,
        "7": 0.81781,
        "mean": 0.82186,
        "min": 0.78543,
        "max": 0.8556,
        "majority_voting": 0.82456
    },
    "consistency": {
        "0_1": 0.97031,
        "0_2": 0.97031,
        "0_3": 0.97976,
        "0_4": 0.96761,
        "0_5": 0.96761,
        "0_6": 0.94737,
        "0_7": 0.95682,
        "1_2": 0.96221,
        "1_3": 0.97436,
        "1_4": 0.94872,
        "1_5": 0.95951,
        "1_6": 0.94197,
        "1_7": 0.94197,
        "2_3": 0.97976,
        "2_4": 0.95412,
        "2_5": 0.96491,
        "2_6": 0.96086,
        "2_7": 0.95682,
        "3_4": 0.96086,
        "3_5": 0.97166,
        "3_6": 0.95547,
        "3_7": 0.96491,
        "4_5": 0.97301,
        "4_6": 0.95412,
        "4_7": 0.96221,
        "5_6": 0.96356,
        "5_7": 0.97301,
        "6_7": 0.97841,
        "mean": 0.96294
    }
}