{
    "accuracy": {
        "0": 0.83266,
        "1": 0.83131,
        "2": 0.80837,
        "3": 0.82321,
        "4": 0.82591,
        "5": 0.82456,
        "6": 0.81107,
        "7": 0.82726,
        "mean": 0.82304,
        "min": 0.73414,
        "max": 0.89069,
        "majority_voting": 0.84076
    },
    "consistency": {
        "0_1": 0.92443,
        "0_2": 0.91228,
        "0_3": 0.90688,
        "0_4": 0.92713,
        "0_5": 0.91633,
        "0_6": 0.90418,
        "0_7": 0.90688,
        "1_2": 0.91498,
        "1_3": 0.91363,
        "1_4": 0.91363,
        "1_5": 0.92038,
        "1_6": 0.90553,
        "1_7": 0.91633,
        "2_3": 0.92848,
        "2_4": 0.90148,
        "2_5": 0.90148,
        "2_6": 0.91093,
        "2_7": 0.91228,
        "3_4": 0.90013,
        "3_5": 0.90823,
        "3_6": 0.90823,
        "3_7": 0.90823,
        "4_5": 0.94872,
        "4_6": 0.91903,
        "4_7": 0.91768,
        "5_6": 0.92038,
        "5_7": 0.92173,
        "6_7": 0.93927,
        "mean": 0.91532
    }
}