{
    "accuracy": {
        "0": 0.7625,
        "1": 0.75,
        "2": 0.7125,
        "3": 0.7,
        "4": 0.7375,
        "5": 0.725,
        "6": 0.7375,
        "7": 0.7125,
        "mean": 0.72969,
        "min": 0.675,
        "max": 0.775,
        "majority_voting": 0.725
    },
    "consistency": {
        "0_1": 0.9875,
        "0_2": 0.95,
        "0_3": 0.9375,
        "0_4": 0.95,
        "0_5": 0.9375,
        "0_6": 0.95,
        "0_7": 0.925,
        "1_2": 0.9625,
        "1_3": 0.95,
        "1_4": 0.9625,
        "1_5": 0.925,
        "1_6": 0.9375,
        "1_7": 0.9375,
        "2_3": 0.9875,
        "2_4": 0.95,
        "2_5": 0.9375,
        "2_6": 0.95,
        "2_7": 0.95,
        "3_4": 0.9375,
        "3_5": 0.925,
        "3_6": 0.9375,
        "3_7": 0.9625,
        "4_5": 0.9625,
        "4_6": 0.975,
        "4_7": 0.975,
        "5_6": 0.9875,
        "5_7": 0.9625,
        "6_7": 0.975,
        "mean": 0.95312
    }
}