{
    "accuracy": {
        "0": 0.7,
        "1": 0.75,
        "2": 0.675,
        "3": 0.6625,
        "4": 0.6375,
        "5": 0.6875,
        "6": 0.6125,
        "7": 0.6375,
        "mean": 0.67031,
        "min": 0.5125,
        "max": 0.825,
        "majority_voting": 0.6875
    },
    "consistency": {
        "0_1": 0.9,
        "0_2": 0.8875,
        "0_3": 0.9,
        "0_4": 0.8875,
        "0_5": 0.8875,
        "0_6": 0.8875,
        "0_7": 0.8875,
        "1_2": 0.8375,
        "1_3": 0.825,
        "1_4": 0.8375,
        "1_5": 0.9125,
        "1_6": 0.7875,
        "1_7": 0.8125,
        "2_3": 0.9375,
        "2_4": 0.825,
        "2_5": 0.85,
        "2_6": 0.875,
        "2_7": 0.85,
        "3_4": 0.8375,
        "3_5": 0.8125,
        "3_6": 0.8625,
        "3_7": 0.8625,
        "4_5": 0.825,
        "4_6": 0.875,
        "4_7": 0.85,
        "5_6": 0.85,
        "5_7": 0.875,
        "6_7": 0.95,
        "mean": 0.86384
    }
}