{
    "accuracy": {
        "0": 0.85985,
        "1": 0.85133,
        "2": 0.85985,
        "3": 0.86932,
        "4": 0.85417,
        "5": 0.8428,
        "6": 0.85417,
        "7": 0.86174,
        "mean": 0.85665,
        "min": 0.69886,
        "max": 0.95265,
        "majority_voting": 0.8911
    },
    "consistency": {
        "0_1": 0.88447,
        "0_2": 0.86742,
        "0_3": 0.88352,
        "0_4": 0.86932,
        "0_5": 0.85133,
        "0_6": 0.85227,
        "0_7": 0.85701,
        "1_2": 0.86837,
        "1_3": 0.87973,
        "1_4": 0.86932,
        "1_5": 0.87027,
        "1_6": 0.86269,
        "1_7": 0.86458,
        "2_3": 0.88731,
        "2_4": 0.86648,
        "2_5": 0.85133,
        "2_6": 0.86174,
        "2_7": 0.86269,
        "3_4": 0.87311,
        "3_5": 0.86364,
        "3_6": 0.8608,
        "3_7": 0.87973,
        "4_5": 0.87311,
        "4_6": 0.87027,
        "4_7": 0.86837,
        "5_6": 0.85322,
        "5_7": 0.86932,
        "6_7": 0.88542,
        "mean": 0.8681
    }
}