{
    "accuracy": {
        "0": 0.77936,
        "1": 0.77557,
        "2": 0.77652,
        "3": 0.78977,
        "4": 0.78788,
        "5": 0.7822,
        "6": 0.78314,
        "7": 0.77936,
        "mean": 0.78172,
        "min": 0.63068,
        "max": 0.89962,
        "majority_voting": 0.80966
    },
    "consistency": {
        "0_1": 0.86648,
        "0_2": 0.83049,
        "0_3": 0.83807,
        "0_4": 0.85322,
        "0_5": 0.8428,
        "0_6": 0.81439,
        "0_7": 0.80587,
        "1_2": 0.82197,
        "1_3": 0.83712,
        "1_4": 0.83428,
        "1_5": 0.85795,
        "1_6": 0.80492,
        "1_7": 0.80966,
        "2_3": 0.85322,
        "2_4": 0.82292,
        "2_5": 0.81913,
        "2_6": 0.85701,
        "2_7": 0.81345,
        "3_4": 0.83144,
        "3_5": 0.84091,
        "3_6": 0.8286,
        "3_7": 0.84659,
        "4_5": 0.875,
        "4_6": 0.84091,
        "4_7": 0.82576,
        "5_6": 0.83428,
        "5_7": 0.83049,
        "6_7": 0.85133,
        "mean": 0.83529
    }
}