{
    "accuracy": {
        "0": 0.71546,
        "1": 0.72569,
        "2": 0.71853,
        "3": 0.72364,
        "4": 0.7216,
        "5": 0.71955,
        "6": 0.7175,
        "7": 0.72467,
        "mean": 0.72083,
        "min": 0.67758,
        "max": 0.76151,
        "majority_voting": 0.72467
    },
    "consistency": {
        "0_1": 0.95701,
        "0_2": 0.95599,
        "0_3": 0.95189,
        "0_4": 0.96008,
        "0_5": 0.93859,
        "0_6": 0.94371,
        "0_7": 0.94063,
        "1_2": 0.95803,
        "1_3": 0.97236,
        "1_4": 0.95087,
        "1_5": 0.96929,
        "1_6": 0.94678,
        "1_7": 0.96418,
        "2_3": 0.96213,
        "2_4": 0.94882,
        "2_5": 0.94063,
        "2_6": 0.95701,
        "2_7": 0.95087,
        "3_4": 0.95189,
        "3_5": 0.96111,
        "3_6": 0.95599,
        "3_7": 0.97134,
        "4_5": 0.94882,
        "4_6": 0.96111,
        "4_7": 0.95292,
        "5_6": 0.94882,
        "5_7": 0.97236,
        "6_7": 0.96418,
        "mean": 0.95562
    }
}