{
    "accuracy": {
        "0": 0.87206,
        "1": 0.87308,
        "2": 0.87206,
        "3": 0.87103,
        "4": 0.86694,
        "5": 0.87001,
        "6": 0.86694,
        "7": 0.87103,
        "mean": 0.87039,
        "min": 0.85261,
        "max": 0.89048,
        "majority_voting": 0.87206
    },
    "consistency": {
        "0_1": 0.98874,
        "0_2": 0.98465,
        "0_3": 0.98772,
        "0_4": 0.97953,
        "0_5": 0.98669,
        "0_6": 0.98362,
        "0_7": 0.98567,
        "1_2": 0.98158,
        "1_3": 0.98874,
        "1_4": 0.98055,
        "1_5": 0.98772,
        "1_6": 0.97646,
        "1_7": 0.98669,
        "2_3": 0.98465,
        "2_4": 0.97441,
        "2_5": 0.97953,
        "2_6": 0.97851,
        "2_7": 0.98055,
        "3_4": 0.97748,
        "3_5": 0.98669,
        "3_6": 0.97953,
        "3_7": 0.98362,
        "4_5": 0.98362,
        "4_6": 0.98669,
        "4_7": 0.97544,
        "5_6": 0.98055,
        "5_7": 0.98465,
        "6_7": 0.97748,
        "mean": 0.98256
    }
}