{
    "accuracy": {
        "0": 0.84442,
        "1": 0.84237,
        "2": 0.84545,
        "3": 0.84237,
        "4": 0.84237,
        "5": 0.84237,
        "6": 0.83009,
        "7": 0.8434,
        "mean": 0.84161,
        "min": 0.80041,
        "max": 0.8782,
        "majority_voting": 0.84237
    },
    "consistency": {
        "0_1": 0.96622,
        "0_2": 0.97339,
        "0_3": 0.96213,
        "0_4": 0.96315,
        "0_5": 0.97134,
        "0_6": 0.96622,
        "0_7": 0.96213,
        "1_2": 0.96929,
        "1_3": 0.9652,
        "1_4": 0.95701,
        "1_5": 0.96315,
        "1_6": 0.95496,
        "1_7": 0.96315,
        "2_3": 0.96315,
        "2_4": 0.96622,
        "2_5": 0.96315,
        "2_6": 0.96725,
        "2_7": 0.96213,
        "3_4": 0.95803,
        "3_5": 0.96008,
        "3_6": 0.96111,
        "3_7": 0.96008,
        "4_5": 0.96725,
        "4_6": 0.9652,
        "4_7": 0.97236,
        "5_6": 0.96315,
        "5_7": 0.96622,
        "6_7": 0.96111,
        "mean": 0.96407
    }
}