{
    "accuracy": {
        "0": 0.84852,
        "1": 0.84033,
        "2": 0.84749,
        "3": 0.83726,
        "4": 0.84852,
        "5": 0.84545,
        "6": 0.85056,
        "7": 0.84749,
        "mean": 0.8457,
        "min": 0.80962,
        "max": 0.8741,
        "majority_voting": 0.84852
    },
    "consistency": {
        "0_1": 0.96827,
        "0_2": 0.97544,
        "0_3": 0.96725,
        "0_4": 0.97646,
        "0_5": 0.97032,
        "0_6": 0.96929,
        "0_7": 0.9652,
        "1_2": 0.96622,
        "1_3": 0.97236,
        "1_4": 0.97134,
        "1_5": 0.97748,
        "1_6": 0.96418,
        "1_7": 0.96827,
        "2_3": 0.97236,
        "2_4": 0.97441,
        "2_5": 0.96827,
        "2_6": 0.96315,
        "2_7": 0.96725,
        "3_4": 0.96929,
        "3_5": 0.97134,
        "3_6": 0.95906,
        "3_7": 0.96827,
        "4_5": 0.97953,
        "4_6": 0.97441,
        "4_7": 0.97032,
        "5_6": 0.96827,
        "5_7": 0.97032,
        "6_7": 0.96725,
        "mean": 0.96984
    }
}