{
    "accuracy": {
        "0": 0.73674,
        "1": 0.72538,
        "2": 0.72254,
        "3": 0.72254,
        "4": 0.73674,
        "5": 0.72538,
        "6": 0.7178,
        "7": 0.71686,
        "mean": 0.7255,
        "min": 0.60227,
        "max": 0.83239,
        "majority_voting": 0.74905
    },
    "consistency": {
        "0_1": 0.85417,
        "0_2": 0.84091,
        "0_3": 0.84091,
        "0_4": 0.84659,
        "0_5": 0.81913,
        "0_6": 0.81629,
        "0_7": 0.79451,
        "1_2": 0.80966,
        "1_3": 0.84091,
        "1_4": 0.80682,
        "1_5": 0.82955,
        "1_6": 0.79356,
        "1_7": 0.79924,
        "2_3": 0.86364,
        "2_4": 0.82576,
        "2_5": 0.80019,
        "2_6": 0.84375,
        "2_7": 0.80871,
        "3_4": 0.81534,
        "3_5": 0.81913,
        "3_6": 0.8286,
        "3_7": 0.83996,
        "4_5": 0.84943,
        "4_6": 0.8589,
        "4_7": 0.83523,
        "5_6": 0.81723,
        "5_7": 0.8428,
        "6_7": 0.85417,
        "mean": 0.8284
    }
}