{
    "accuracy": {
        "0": 0.54451,
        "1": 0.51989,
        "2": 0.49053,
        "3": 0.48958,
        "4": 0.59659,
        "5": 0.56913,
        "6": 0.59375,
        "7": 0.51326,
        "mean": 0.53965,
        "min": 0.25852,
        "max": 0.77367,
        "majority_voting": 0.62311
    },
    "consistency": {
        "0_1": 0.50095,
        "0_2": 0.61932,
        "0_3": 0.4536,
        "0_4": 0.55492,
        "0_5": 0.52557,
        "0_6": 0.55303,
        "0_7": 0.47633,
        "1_2": 0.48769,
        "1_3": 0.62879,
        "1_4": 0.6572,
        "1_5": 0.72822,
        "1_6": 0.61932,
        "1_7": 0.61174,
        "2_3": 0.45549,
        "2_4": 0.52273,
        "2_5": 0.50189,
        "2_6": 0.53788,
        "2_7": 0.46496,
        "3_4": 0.58996,
        "3_5": 0.62027,
        "3_6": 0.62879,
        "3_7": 0.75852,
        "4_5": 0.74148,
        "4_6": 0.69697,
        "4_7": 0.61269,
        "5_6": 0.68087,
        "5_7": 0.6572,
        "6_7": 0.66761,
        "mean": 0.59121
    }
}