{
    "accuracy": {
        "0": 0.77058,
        "1": 0.76788,
        "2": 0.74764,
        "3": 0.75843,
        "4": 0.76923,
        "5": 0.76383,
        "6": 0.75709,
        "7": 0.75978,
        "mean": 0.76181,
        "min": 0.722,
        "max": 0.79487,
        "majority_voting": 0.76788
    },
    "consistency": {
        "0_1": 0.97301,
        "0_2": 0.95682,
        "0_3": 0.94062,
        "0_4": 0.97031,
        "0_5": 0.96086,
        "0_6": 0.95142,
        "0_7": 0.93657,
        "1_2": 0.94332,
        "1_3": 0.93792,
        "1_4": 0.95816,
        "1_5": 0.96896,
        "1_6": 0.94062,
        "1_7": 0.93522,
        "2_3": 0.95142,
        "2_4": 0.95547,
        "2_5": 0.95547,
        "2_6": 0.97166,
        "2_7": 0.95142,
        "3_4": 0.94062,
        "3_5": 0.94062,
        "3_6": 0.94737,
        "3_7": 0.96221,
        "4_5": 0.97166,
        "4_6": 0.95951,
        "4_7": 0.95142,
        "5_6": 0.96221,
        "5_7": 0.95412,
        "6_7": 0.96626,
        "mean": 0.95412
    }
}