{
    "accuracy": {
        "0": 0.77058,
        "1": 0.77733,
        "2": 0.75439,
        "3": 0.77463,
        "4": 0.77463,
        "5": 0.77463,
        "6": 0.76248,
        "7": 0.75978,
        "mean": 0.76856,
        "min": 0.68556,
        "max": 0.84076,
        "majority_voting": 0.77733
    },
    "consistency": {
        "0_1": 0.94062,
        "0_2": 0.91633,
        "0_3": 0.91228,
        "0_4": 0.92038,
        "0_5": 0.91768,
        "0_6": 0.89879,
        "0_7": 0.90013,
        "1_2": 0.91903,
        "1_3": 0.92308,
        "1_4": 0.90823,
        "1_5": 0.93657,
        "1_6": 0.89744,
        "1_7": 0.91633,
        "2_3": 0.92308,
        "2_4": 0.90013,
        "2_5": 0.90688,
        "2_6": 0.92982,
        "2_7": 0.90418,
        "3_4": 0.90013,
        "3_5": 0.90553,
        "3_6": 0.90283,
        "3_7": 0.92982,
        "4_5": 0.93252,
        "4_6": 0.91498,
        "4_7": 0.90823,
        "5_6": 0.89609,
        "5_7": 0.90013,
        "6_7": 0.91768,
        "mean": 0.91353
    }
}