{
    "accuracy": {
        "0": 0.75439,
        "1": 0.75843,
        "2": 0.74764,
        "3": 0.74224,
        "4": 0.74629,
        "5": 0.74629,
        "6": 0.74629,
        "7": 0.75034,
        "mean": 0.74899,
        "min": 0.7085,
        "max": 0.78677,
        "majority_voting": 0.74764
    },
    "consistency": {
        "0_1": 0.97976,
        "0_2": 0.95547,
        "0_3": 0.95412,
        "0_4": 0.95682,
        "0_5": 0.95951,
        "0_6": 0.93117,
        "0_7": 0.92982,
        "1_2": 0.94872,
        "1_3": 0.94737,
        "1_4": 0.95682,
        "1_5": 0.96491,
        "1_6": 0.93117,
        "1_7": 0.93252,
        "2_3": 0.96626,
        "2_4": 0.95007,
        "2_5": 0.94737,
        "2_6": 0.95816,
        "2_7": 0.95142,
        "3_4": 0.94467,
        "3_5": 0.94872,
        "3_6": 0.94467,
        "3_7": 0.96221,
        "4_5": 0.98111,
        "4_6": 0.96086,
        "4_7": 0.94872,
        "5_6": 0.96356,
        "5_7": 0.95277,
        "6_7": 0.96221,
        "mean": 0.95325
    }
}