{
    "accuracy": {
        "0": 0.76383,
        "1": 0.76383,
        "2": 0.76248,
        "3": 0.77868,
        "4": 0.76653,
        "5": 0.77598,
        "6": 0.78138,
        "7": 0.77328,
        "mean": 0.77075,
        "min": 0.64103,
        "max": 0.87179,
        "majority_voting": 0.78408
    },
    "consistency": {
        "0_1": 0.92713,
        "0_2": 0.90013,
        "0_3": 0.85965,
        "0_4": 0.861,
        "0_5": 0.84885,
        "0_6": 0.84345,
        "0_7": 0.84615,
        "1_2": 0.90283,
        "1_3": 0.87449,
        "1_4": 0.85965,
        "1_5": 0.85965,
        "1_6": 0.85155,
        "1_7": 0.8556,
        "2_3": 0.88799,
        "2_4": 0.85695,
        "2_5": 0.84615,
        "2_6": 0.8583,
        "2_7": 0.8664,
        "3_4": 0.84885,
        "3_5": 0.84885,
        "3_6": 0.8664,
        "3_7": 0.90013,
        "4_5": 0.91903,
        "4_6": 0.89744,
        "4_7": 0.87045,
        "5_6": 0.89339,
        "5_7": 0.88259,
        "6_7": 0.90013,
        "mean": 0.87261
    }
}