{
    "accuracy": {
        "0": 0.74514,
        "1": 0.7349,
        "2": 0.45036,
        "3": 0.74411,
        "4": 0.75333,
        "5": 0.74309,
        "6": 0.57011,
        "7": 0.73797,
        "mean": 0.68488,
        "min": 0.39509,
        "max": 0.82497,
        "majority_voting": 0.74104
    },
    "consistency": {
        "0_1": 0.93552,
        "0_2": 0.54759,
        "0_3": 0.94575,
        "0_4": 0.94166,
        "0_5": 0.93961,
        "0_6": 0.72364,
        "0_7": 0.93654,
        "1_2": 0.54759,
        "1_3": 0.95394,
        "1_4": 0.9089,
        "1_5": 0.92323,
        "1_6": 0.72057,
        "1_7": 0.92938,
        "2_3": 0.54555,
        "2_4": 0.53531,
        "2_5": 0.55476,
        "2_6": 0.77073,
        "2_7": 0.55067,
        "3_4": 0.92938,
        "3_5": 0.93552,
        "3_6": 0.72467,
        "3_7": 0.94371,
        "4_5": 0.93961,
        "4_6": 0.71443,
        "4_7": 0.93449,
        "5_6": 0.74002,
        "5_7": 0.97134,
        "6_7": 0.73797,
        "mean": 0.80293
    }
}