{
    "accuracy": {
        "0": 0.78279,
        "1": 0.7459,
        "2": 0.73361,
        "3": 0.7418,
        "4": 0.7541,
        "5": 0.7623,
        "6": 0.7582,
        "7": 0.76639,
        "mean": 0.75564,
        "min": 0.64754,
        "max": 0.85246,
        "majority_voting": 0.7582
    },
    "consistency": {
        "0_1": 0.90164,
        "0_2": 0.92213,
        "0_3": 0.89754,
        "0_4": 0.89754,
        "0_5": 0.90984,
        "0_6": 0.92213,
        "0_7": 0.90984,
        "1_2": 0.88934,
        "1_3": 0.88115,
        "1_4": 0.88115,
        "1_5": 0.89344,
        "1_6": 0.89344,
        "1_7": 0.87705,
        "2_3": 0.90574,
        "2_4": 0.88525,
        "2_5": 0.89344,
        "2_6": 0.91393,
        "2_7": 0.92623,
        "3_4": 0.88115,
        "3_5": 0.88115,
        "3_6": 0.89344,
        "3_7": 0.91393,
        "4_5": 0.92623,
        "4_6": 0.89754,
        "4_7": 0.88525,
        "5_6": 0.92213,
        "5_7": 0.92213,
        "6_7": 0.94672,
        "mean": 0.90252
    }
}