{
    "accuracy": {
        "0": 0.75844,
        "1": 0.7564,
        "2": 0.76151,
        "3": 0.75537,
        "4": 0.76151,
        "5": 0.76151,
        "6": 0.76459,
        "7": 0.74923,
        "mean": 0.75857,
        "min": 0.63664,
        "max": 0.85773,
        "majority_voting": 0.77073
    },
    "consistency": {
        "0_1": 0.91402,
        "0_2": 0.90481,
        "0_3": 0.8741,
        "0_4": 0.91095,
        "0_5": 0.88639,
        "0_6": 0.89458,
        "0_7": 0.87615,
        "1_2": 0.88229,
        "1_3": 0.87615,
        "1_4": 0.88434,
        "1_5": 0.88434,
        "1_6": 0.87103,
        "1_7": 0.87718,
        "2_3": 0.8915,
        "2_4": 0.88639,
        "2_5": 0.89048,
        "2_6": 0.90072,
        "2_7": 0.89253,
        "3_4": 0.8567,
        "3_5": 0.86285,
        "3_6": 0.88025,
        "3_7": 0.88127,
        "4_5": 0.92733,
        "4_6": 0.89969,
        "4_7": 0.88639,
        "5_6": 0.89969,
        "5_7": 0.89355,
        "6_7": 0.91812,
        "mean": 0.88942
    }
}