{
    "accuracy": {
        "0": 0.77459,
        "1": 0.76639,
        "2": 0.7623,
        "3": 0.77049,
        "4": 0.77049,
        "5": 0.7582,
        "6": 0.76639,
        "7": 0.76639,
        "mean": 0.76691,
        "min": 0.73361,
        "max": 0.80328,
        "majority_voting": 0.77049
    },
    "consistency": {
        "0_1": 0.97541,
        "0_2": 0.96721,
        "0_3": 0.97541,
        "0_4": 0.97541,
        "0_5": 0.95902,
        "0_6": 0.95492,
        "0_7": 0.95492,
        "1_2": 0.95902,
        "1_3": 0.97541,
        "1_4": 0.95902,
        "1_5": 0.95082,
        "1_6": 0.94672,
        "1_7": 0.94672,
        "2_3": 0.97541,
        "2_4": 0.96311,
        "2_5": 0.96721,
        "2_6": 0.96721,
        "2_7": 0.96721,
        "3_4": 0.96311,
        "3_5": 0.96721,
        "3_6": 0.95082,
        "3_7": 0.96721,
        "4_5": 0.97951,
        "4_6": 0.97131,
        "4_7": 0.97951,
        "5_6": 0.97541,
        "5_7": 0.9918,
        "6_7": 0.97541,
        "mean": 0.96648
    }
}