{
    "accuracy": {
        "0": 0.7564,
        "1": 0.75947,
        "2": 0.74411,
        "3": 0.75128,
        "4": 0.75844,
        "5": 0.75333,
        "6": 0.74616,
        "7": 0.75537,
        "mean": 0.75307,
        "min": 0.71136,
        "max": 0.78915,
        "majority_voting": 0.7564
    },
    "consistency": {
        "0_1": 0.95496,
        "0_2": 0.96008,
        "0_3": 0.96418,
        "0_4": 0.96111,
        "0_5": 0.9652,
        "0_6": 0.95189,
        "0_7": 0.95394,
        "1_2": 0.94985,
        "1_3": 0.9652,
        "1_4": 0.93654,
        "1_5": 0.95394,
        "1_6": 0.94268,
        "1_7": 0.94678,
        "2_3": 0.97134,
        "2_4": 0.95803,
        "2_5": 0.95906,
        "2_6": 0.96725,
        "2_7": 0.95906,
        "3_4": 0.96315,
        "3_5": 0.97134,
        "3_6": 0.96725,
        "3_7": 0.97032,
        "4_5": 0.97748,
        "4_6": 0.97032,
        "4_7": 0.96315,
        "5_6": 0.96622,
        "5_7": 0.96929,
        "6_7": 0.97544,
        "mean": 0.96125
    }
}