{
    "accuracy": {
        "0": 0.84186,
        "1": 0.83807,
        "2": 0.82765,
        "3": 0.83996,
        "4": 0.84186,
        "5": 0.83617,
        "6": 0.83523,
        "7": 0.8428,
        "mean": 0.83795,
        "min": 0.76136,
        "max": 0.90246,
        "majority_voting": 0.85133
    },
    "consistency": {
        "0_1": 0.92708,
        "0_2": 0.90814,
        "0_3": 0.89773,
        "0_4": 0.91004,
        "0_5": 0.90057,
        "0_6": 0.89015,
        "0_7": 0.88636,
        "1_2": 0.90152,
        "1_3": 0.90152,
        "1_4": 0.90246,
        "1_5": 0.91288,
        "1_6": 0.89394,
        "1_7": 0.8892,
        "2_3": 0.91477,
        "2_4": 0.88542,
        "2_5": 0.88542,
        "2_6": 0.91193,
        "2_7": 0.89773,
        "3_4": 0.8892,
        "3_5": 0.88826,
        "3_6": 0.89773,
        "3_7": 0.89773,
        "4_5": 0.93939,
        "4_6": 0.90625,
        "4_7": 0.90814,
        "5_6": 0.90246,
        "5_7": 0.91193,
        "6_7": 0.9214,
        "mean": 0.90283
    }
}