{
    "accuracy": {
        "0": 0.4839,
        "1": 0.5161,
        "2": 0.51042,
        "3": 0.52178,
        "4": 0.52652,
        "5": 0.55492,
        "6": 0.5161,
        "7": 0.52462,
        "mean": 0.51929,
        "min": 0.28598,
        "max": 0.74432,
        "majority_voting": 0.56818
    },
    "consistency": {
        "0_1": 0.60985,
        "0_2": 0.54356,
        "0_3": 0.50852,
        "0_4": 0.5767,
        "0_5": 0.56534,
        "0_6": 0.52841,
        "0_7": 0.52083,
        "1_2": 0.55019,
        "1_3": 0.62879,
        "1_4": 0.65814,
        "1_5": 0.74242,
        "1_6": 0.61932,
        "1_7": 0.62216,
        "2_3": 0.59754,
        "2_4": 0.54451,
        "2_5": 0.55114,
        "2_6": 0.59564,
        "2_7": 0.5928,
        "3_4": 0.59375,
        "3_5": 0.6089,
        "3_6": 0.6553,
        "3_7": 0.75379,
        "4_5": 0.70549,
        "4_6": 0.65436,
        "4_7": 0.62595,
        "5_6": 0.64678,
        "5_7": 0.63636,
        "6_7": 0.69602,
        "mean": 0.61188
    }
}