{
    "accuracy": {
        "0": 0.78408,
        "1": 0.78273,
        "2": 0.78947,
        "3": 0.78947,
        "4": 0.77868,
        "5": 0.78273,
        "6": 0.78003,
        "7": 0.77868,
        "mean": 0.78323,
        "min": 0.74494,
        "max": 0.81646,
        "majority_voting": 0.78543
    },
    "consistency": {
        "0_1": 0.96626,
        "0_2": 0.95682,
        "0_3": 0.95277,
        "0_4": 0.97031,
        "0_5": 0.96626,
        "0_6": 0.93657,
        "0_7": 0.94602,
        "1_2": 0.95142,
        "1_3": 0.95682,
        "1_4": 0.95412,
        "1_5": 0.96626,
        "1_6": 0.93792,
        "1_7": 0.94872,
        "2_3": 0.97841,
        "2_4": 0.95277,
        "2_5": 0.96626,
        "2_6": 0.96086,
        "2_7": 0.95682,
        "3_4": 0.95007,
        "3_5": 0.96491,
        "3_6": 0.95277,
        "3_7": 0.97031,
        "4_5": 0.96491,
        "4_6": 0.95142,
        "4_7": 0.95277,
        "5_6": 0.95547,
        "5_7": 0.96761,
        "6_7": 0.96491,
        "mean": 0.95788
    }
}