{
    "accuracy": {
        "0": 0.67072,
        "1": 0.67072,
        "2": 0.69906,
        "3": 0.7085,
        "4": 0.67746,
        "5": 0.68286,
        "6": 0.69906,
        "7": 0.70445,
        "mean": 0.6891,
        "min": 0.55466,
        "max": 0.79217,
        "majority_voting": 0.7058
    },
    "consistency": {
        "0_1": 0.861,
        "0_2": 0.83131,
        "0_3": 0.84076,
        "0_4": 0.8637,
        "0_5": 0.84885,
        "0_6": 0.82051,
        "0_7": 0.82456,
        "1_2": 0.84211,
        "1_3": 0.85695,
        "1_4": 0.83806,
        "1_5": 0.87179,
        "1_6": 0.83941,
        "1_7": 0.8475,
        "2_3": 0.93117,
        "2_4": 0.82996,
        "2_5": 0.84345,
        "2_6": 0.88664,
        "2_7": 0.87719,
        "3_4": 0.8556,
        "3_5": 0.86235,
        "3_6": 0.89204,
        "3_7": 0.91228,
        "4_5": 0.86505,
        "4_6": 0.8502,
        "4_7": 0.87314,
        "5_6": 0.85425,
        "5_7": 0.86505,
        "6_7": 0.92308,
        "mean": 0.861
    }
}