{
    "accuracy": {
        "0": 0.77463,
        "1": 0.76653,
        "2": 0.77058,
        "3": 0.76923,
        "4": 0.77598,
        "5": 0.77058,
        "6": 0.77463,
        "7": 0.76923,
        "mean": 0.77142,
        "min": 0.74089,
        "max": 0.80567,
        "majority_voting": 0.77328
    },
    "consistency": {
        "0_1": 0.97436,
        "0_2": 0.95277,
        "0_3": 0.94602,
        "0_4": 0.95951,
        "0_5": 0.96221,
        "0_6": 0.95007,
        "0_7": 0.95277,
        "1_2": 0.94602,
        "1_3": 0.94872,
        "1_4": 0.94872,
        "1_5": 0.97031,
        "1_6": 0.94332,
        "1_7": 0.95142,
        "2_3": 0.95816,
        "2_4": 0.93657,
        "2_5": 0.94332,
        "2_6": 0.97301,
        "2_7": 0.96491,
        "3_4": 0.92578,
        "3_5": 0.93927,
        "3_6": 0.95142,
        "3_7": 0.96896,
        "4_5": 0.97301,
        "4_6": 0.95142,
        "4_7": 0.94467,
        "5_6": 0.95007,
        "5_7": 0.95951,
        "6_7": 0.96086,
        "mean": 0.95383
    }
}