{
    "accuracy": {
        "0": 0.80972,
        "1": 0.80702,
        "2": 0.81781,
        "3": 0.82186,
        "4": 0.81646,
        "5": 0.82321,
        "6": 0.82591,
        "7": 0.82321,
        "mean": 0.81815,
        "min": 0.74089,
        "max": 0.87584,
        "majority_voting": 0.82321
    },
    "consistency": {
        "0_1": 0.93387,
        "0_2": 0.93387,
        "0_3": 0.92713,
        "0_4": 0.94602,
        "0_5": 0.92848,
        "0_6": 0.91363,
        "0_7": 0.90688,
        "1_2": 0.92578,
        "1_3": 0.92173,
        "1_4": 0.92578,
        "1_5": 0.92848,
        "1_6": 0.90823,
        "1_7": 0.91363,
        "2_3": 0.93792,
        "2_4": 0.93252,
        "2_5": 0.93522,
        "2_6": 0.94332,
        "2_7": 0.92038,
        "3_4": 0.92982,
        "3_5": 0.92038,
        "3_6": 0.92848,
        "3_7": 0.92308,
        "4_5": 0.94062,
        "4_6": 0.93792,
        "4_7": 0.92173,
        "5_6": 0.92982,
        "5_7": 0.92578,
        "6_7": 0.92848,
        "mean": 0.92746
    }
}