{
    "accuracy": {
        "0": 0.79352,
        "1": 0.80162,
        "2": 0.80027,
        "3": 0.77868,
        "4": 0.79487,
        "5": 0.79352,
        "6": 0.78677,
        "7": 0.79622,
        "mean": 0.79318,
        "min": 0.722,
        "max": 0.8529,
        "majority_voting": 0.80432
    },
    "consistency": {
        "0_1": 0.94602,
        "0_2": 0.91363,
        "0_3": 0.91903,
        "0_4": 0.95412,
        "0_5": 0.93927,
        "0_6": 0.92038,
        "0_7": 0.92443,
        "1_2": 0.92173,
        "1_3": 0.92578,
        "1_4": 0.94197,
        "1_5": 0.95007,
        "1_6": 0.92308,
        "1_7": 0.92713,
        "2_3": 0.93117,
        "2_4": 0.91363,
        "2_5": 0.89879,
        "2_6": 0.94062,
        "2_7": 0.92578,
        "3_4": 0.92173,
        "3_5": 0.91093,
        "3_6": 0.92173,
        "3_7": 0.94737,
        "4_5": 0.94197,
        "4_6": 0.92578,
        "4_7": 0.92848,
        "5_6": 0.91498,
        "5_7": 0.91228,
        "6_7": 0.92713,
        "mean": 0.92746
    }
}