{
    "accuracy": {
        "0": 0.76113,
        "1": 0.76248,
        "2": 0.75709,
        "3": 0.75439,
        "4": 0.75709,
        "5": 0.75843,
        "6": 0.75574,
        "7": 0.75169,
        "mean": 0.75725,
        "min": 0.73009,
        "max": 0.78677,
        "majority_voting": 0.75709
    },
    "consistency": {
        "0_1": 0.98516,
        "0_2": 0.96491,
        "0_3": 0.96896,
        "0_4": 0.96356,
        "0_5": 0.97031,
        "0_6": 0.95412,
        "0_7": 0.95951,
        "1_2": 0.96356,
        "1_3": 0.96896,
        "1_4": 0.96626,
        "1_5": 0.97301,
        "1_6": 0.96086,
        "1_7": 0.96626,
        "2_3": 0.96221,
        "2_4": 0.95007,
        "2_5": 0.95277,
        "2_6": 0.96491,
        "2_7": 0.95682,
        "3_4": 0.95277,
        "3_5": 0.96086,
        "3_6": 0.95951,
        "3_7": 0.96221,
        "4_5": 0.9865,
        "4_6": 0.95816,
        "4_7": 0.96626,
        "5_6": 0.96086,
        "5_7": 0.97166,
        "6_7": 0.97166,
        "mean": 0.96438
    }
}