{
    "accuracy": {
        "0": 0.67451,
        "1": 0.70113,
        "2": 0.67758,
        "3": 0.6827,
        "4": 0.67247,
        "5": 0.68373,
        "6": 0.68782,
        "7": 0.69396,
        "mean": 0.68424,
        "min": 0.44933,
        "max": 0.86899,
        "majority_voting": 0.72774
    },
    "consistency": {
        "0_1": 0.76356,
        "0_2": 0.74923,
        "0_3": 0.72774,
        "0_4": 0.76254,
        "0_5": 0.75947,
        "0_6": 0.72467,
        "0_7": 0.72671,
        "1_2": 0.73695,
        "1_3": 0.74616,
        "1_4": 0.74002,
        "1_5": 0.78506,
        "1_6": 0.7349,
        "1_7": 0.74514,
        "2_3": 0.73593,
        "2_4": 0.73388,
        "2_5": 0.74411,
        "2_6": 0.7738,
        "2_7": 0.74719,
        "3_4": 0.74104,
        "3_5": 0.74923,
        "3_6": 0.75537,
        "3_7": 0.76663,
        "4_5": 0.75947,
        "4_6": 0.7349,
        "4_7": 0.74104,
        "5_6": 0.74821,
        "5_7": 0.76663,
        "6_7": 0.77175,
        "mean": 0.74898
    }
}