{
    "accuracy": {
        "0": 0.72876,
        "1": 0.74104,
        "2": 0.72774,
        "3": 0.74002,
        "4": 0.73183,
        "5": 0.73081,
        "6": 0.72569,
        "7": 0.73183,
        "mean": 0.73222,
        "min": 0.69294,
        "max": 0.7738,
        "majority_voting": 0.73388
    },
    "consistency": {
        "0_1": 0.97236,
        "0_2": 0.95599,
        "0_3": 0.95803,
        "0_4": 0.96725,
        "0_5": 0.97032,
        "0_6": 0.94678,
        "0_7": 0.95701,
        "1_2": 0.94882,
        "1_3": 0.95599,
        "1_4": 0.94985,
        "1_5": 0.95803,
        "1_6": 0.93449,
        "1_7": 0.9478,
        "2_3": 0.96827,
        "2_4": 0.95189,
        "2_5": 0.95394,
        "2_6": 0.9652,
        "2_7": 0.96213,
        "3_4": 0.95394,
        "3_5": 0.95803,
        "3_6": 0.95394,
        "3_7": 0.97032,
        "4_5": 0.97851,
        "4_6": 0.96111,
        "4_7": 0.96725,
        "5_6": 0.96213,
        "5_7": 0.96315,
        "6_7": 0.97134,
        "mean": 0.95942
    }
}