{
    "accuracy": {
        "0": 0.75537,
        "1": 0.76561,
        "2": 0.76254,
        "3": 0.77073,
        "4": 0.75537,
        "5": 0.76254,
        "6": 0.7564,
        "7": 0.76356,
        "mean": 0.76151,
        "min": 0.65711,
        "max": 0.83726,
        "majority_voting": 0.77175
    },
    "consistency": {
        "0_1": 0.91914,
        "0_2": 0.89867,
        "0_3": 0.8956,
        "0_4": 0.92733,
        "0_5": 0.913,
        "0_6": 0.89253,
        "0_7": 0.89969,
        "1_2": 0.90481,
        "1_3": 0.91607,
        "1_4": 0.92631,
        "1_5": 0.94268,
        "1_6": 0.90686,
        "1_7": 0.91914,
        "2_3": 0.91709,
        "2_4": 0.90174,
        "2_5": 0.90276,
        "2_6": 0.93142,
        "2_7": 0.9089,
        "3_4": 0.90276,
        "3_5": 0.90583,
        "3_6": 0.913,
        "3_7": 0.93552,
        "4_5": 0.92528,
        "4_6": 0.90583,
        "4_7": 0.90379,
        "5_6": 0.90481,
        "5_7": 0.91709,
        "6_7": 0.92938,
        "mean": 0.91311
    }
}