{
    "accuracy": {
        "0": 0.75026,
        "1": 0.75333,
        "2": 0.74719,
        "3": 0.74514,
        "4": 0.7523,
        "5": 0.74821,
        "6": 0.74719,
        "7": 0.74821,
        "mean": 0.74898,
        "min": 0.7042,
        "max": 0.7912,
        "majority_voting": 0.75026
    },
    "consistency": {
        "0_1": 0.97851,
        "0_2": 0.95394,
        "0_3": 0.95189,
        "0_4": 0.96315,
        "0_5": 0.95496,
        "0_6": 0.94575,
        "0_7": 0.94678,
        "1_2": 0.95599,
        "1_3": 0.96725,
        "1_4": 0.95906,
        "1_5": 0.96008,
        "1_6": 0.94882,
        "1_7": 0.95394,
        "2_3": 0.9652,
        "2_4": 0.94575,
        "2_5": 0.94575,
        "2_6": 0.96725,
        "2_7": 0.9478,
        "3_4": 0.94678,
        "3_5": 0.94985,
        "3_6": 0.94882,
        "3_7": 0.96008,
        "4_5": 0.98055,
        "4_6": 0.96622,
        "4_7": 0.9652,
        "5_6": 0.9652,
        "5_7": 0.96315,
        "6_7": 0.95496,
        "mean": 0.9576
    }
}